<?xml version="1.0" encoding="UTF-8"?>
<project-private xmlns="http://www.netbeans.org/ns/project-private/1">
    <editor-bookmarks xmlns="http://www.netbeans.org/ns/editor-bookmarks/2" lastBookmarkId="0"/>
    <open-files xmlns="http://www.netbeans.org/ns/projectui-open-files/2">
        <group>
            <file>file:/C:/xampp/htdocs/TP3_SAISIE_FHF_FF_LC/includes/form_FHF.php</file>
            <file>file:/C:/xampp/htdocs/TP3_SAISIE_FHF_FF_LC/includes/style.css</file>
            <file>file:/C:/xampp/htdocs/TP3_SAISIE_FHF_FF_LC/includes/footer.php</file>
            <file>file:/C:/xampp/htdocs/TP3_SAISIE_FHF_FF_LC/accueil.php</file>
            <file>file:/C:/xampp/htdocs/TP3_SAISIE_FHF_FF_LC/includes/form_FF.php</file>
        </group>
    </open-files>
</project-private>
